{
  "mean": 0.21601376832561728,
  "std": 0.040874573465053014,
  "min": 0.1414573688271605,
  "max": 0.2696778549382716,
  "count": 20
}